{
  "Count_Summary": {
    "年齡別": {
      "15-19歲": 1,
      "20-24歲": 1,
      "25-29歲": 1,
      "30-34歲": 1,
      "35-39歲": 1,
      "40-44歲": 1,
      "45-49歲": 1,
      "50-54歲": 1,
      "55-59歲": 1,
      "60-64歲": 1,
      "65-69歲": 1,
      "70-74歲": 1,
      "75-79歲": 1,
      "80-84歲": 1,
      "85-89歲": 1,
      "90-94歲": 1,
      "95-99歲": 1,
      "100歲以上": 1
    }
  },
  "Numerical_Summary": {
    "未婚_男": {
      "Mean": 843427.611111111,
      "Median": 11924,
      "Minimum": 100,
      "Maximum": 4844226,
      "Standard_Deviation": 1497479.71408235
    },
    "未婚_女": {
      "Mean": 933104.5,
      "Median": 113933,
      "Minimum": 284,
      "Maximum": 5288406,
      "Standard_Deviation": 1653378.92483127
    },
    "有偶_男": {
      "Mean": 223528.277777778,
      "Median": 149849,
      "Minimum": 106,
      "Maximum": 619563,
      "Standard_Deviation": 234153.208192234
    },
    "有偶_女": {
      "Mean": 216099.444444444,
      "Median": 125313,
      "Minimum": 455,
      "Maximum": 630486,
      "Standard_Deviation": 227127.075619707
    },
    "離婚_男": {
      "Mean": 45984.4444444444,
      "Median": 14807.5,
      "Minimum": 54,
      "Maximum": 149765,
      "Standard_Deviation": 53381.8967236049
    },
    "離婚_女": {
      "Mean": 53737.6666666667,
      "Median": 20896,
      "Minimum": 69,
      "Maximum": 146663,
      "Standard_Deviation": 58261.5030423872
    },
    "未婚_男_比例": {
      "Mean": 0.0439061388888889,
      "Median": 0.000621,
      "Minimum": 5.21e-06,
      "Maximum": 0.25208,
      "Standard_Deviation": 0.0779303881511274
    },
    "未婚_女_比例": {
      "Mean": 0.0485731388888889,
      "Median": 0.005931,
      "Minimum": 1.48e-05,
      "Maximum": 0.27508,
      "Standard_Deviation": 0.0860926640244469
    },
    "有偶_男_比例": {
      "Mean": 0.0116338888888889,
      "Median": 0.007801,
      "Minimum": 5.52e-06,
      "Maximum": 0.032252,
      "Standard_Deviation": 0.012188151956195
    },
    "有偶_女_比例": {
      "Mean": 0.0112497777777778,
      "Median": 0.006524,
      "Minimum": 2.37e-05,
      "Maximum": 0.032821,
      "Standard_Deviation": 0.0118251469620904
    },
    "離婚_男_比例": {
      "Mean": 0.00239380555555556,
      "Median": 0.00077,
      "Minimum": 2.81e-06,
      "Maximum": 0.007796,
      "Standard_Deviation": 0.00277924997417549
    },
    "離婚_女_比例": {
      "Mean": 0.00279761111111111,
      "Median": 0.001087,
      "Minimum": 3.59e-06,
      "Maximum": 0.007635,
      "Standard_Deviation": 0.00303224560444791
    }
  },
  "Missing_Data_Summary": {
    "年齡別": {
      "Missing_Values": 0,
      "Missing_Percentage": 0
    },
    "未婚_男": {
      "Missing_Values": 0,
      "Missing_Percentage": 0
    },
    "未婚_女": {
      "Missing_Values": 0,
      "Missing_Percentage": 0
    },
    "有偶_男": {
      "Missing_Values": 0,
      "Missing_Percentage": 0
    },
    "有偶_女": {
      "Missing_Values": 0,
      "Missing_Percentage": 0
    },
    "離婚_男": {
      "Missing_Values": 0,
      "Missing_Percentage": 0
    },
    "離婚_女": {
      "Missing_Values": 0,
      "Missing_Percentage": 0
    },
    "未婚_男_比例": {
      "Missing_Values": 0,
      "Missing_Percentage": 0
    },
    "未婚_女_比例": {
      "Missing_Values": 0,
      "Missing_Percentage": 0
    },
    "有偶_男_比例": {
      "Missing_Values": 0,
      "Missing_Percentage": 0
    },
    "有偶_女_比例": {
      "Missing_Values": 0,
      "Missing_Percentage": 0
    },
    "離婚_男_比例": {
      "Missing_Values": 0,
      "Missing_Percentage": 0
    },
    "離婚_女_比例": {
      "Missing_Values": 0,
      "Missing_Percentage": 0
    }
  }
}
